SampleNumber,P1,P2,P3,P4,P5,P6,P7,P8,P9,P10,P11,P12,P13,P14,P15,P16,P17,P18,P19,P20,Target Label
1,3.3,7.44,1.52,3.27,0.07,2.14,0.75,0.66,0,54.8,49.7,50.7,6.55,4.09,4.26,0.01,0,24.7,2.7,1.6,V1
2,3.43,7.63,1.63,3.27,0.05,2.01,0.74,0.65,0,51.8,47.3,47.9,8.35,5.08,5.01,0.01,0,23.3,2.3,1.8,V1
3,3.41,7.32,1.52,3.18,0.07,2.09,0.8,0.7,0,54,50.5,54.4,9.27,6.85,7.14,0.19,0.06,25,2.5,-0.9,V1
4,3.78,7.85,1.69,3.35,0.03,1.98,0.77,0.67,0,57.7,47.2,48.9,10.26,5.96,5.47,0.05,0.01,24.1,5.6,2.1,V1
5,3.9,7.99,1.61,3.43,0.02,2.14,0.77,0.71,0,59.1,54.1,54.1,8.19,5.81,4.72,0.64,0.16,26.8,2.5,2.1,V1
6,2.41,6.54,1.2,2.94,0.05,2.45,0.71,0.69,0,47.2,43.9,44.5,9.39,6.1,6.07,0.02,0.01,21.3,1.6,1.7,V1
7,3.66,7.75,1.84,3.08,0.06,1.67,0.77,0.65,0,48.7,46.8,48.4,7.78,5.57,5.56,0.01,0,22.7,1.1,0.6,V1
8,3.73,7.8,1.7,3.22,0.06,1.89,0.77,0.68,0,60.7,52.1,52.8,12.96,6.88,6.5,0.38,0.1,26.3,4.5,2.3,V1
9,3.68,7.61,1.61,3.27,0.05,2.03,0.8,0.7,0,59.7,53,53.1,6.95,4.68,4.66,0.33,0.09,26.5,3.4,2.4,V1
10,3.4,7.49,1.52,3.27,0.04,2.14,0.76,0.68,0,61.2,52.1,54.1,9.25,6.7,7.2,0.39,0.11,26.5,4.9,1.5,V1
11,3.16,7.1,1.44,3.12,0.07,2.17,0.79,0.71,0,60.4,53.2,52,13.16,9.29,8.47,0.7,0.22,26.6,3.4,3.5,V1
12,3.51,7.49,1.52,3.27,0.04,2.14,0.79,0.71,0,63.7,53.6,54.7,6.86,4.65,4.6,0.24,0.07,27.3,5.2,2.3,V1
13,2.72,6.84,1.35,3.01,0.06,2.23,0.73,0.67,0,43.3,42.6,42.8,11.88,8.51,8.61,0.09,0.03,20.2,0.1,1.6,V1
14,3.35,7.42,1.52,3.18,0.05,2.09,0.76,0.69,0,49.7,47.5,48.9,6.55,5.4,5.23,0.09,0.03,23.1,1.3,0.8,V1
15,3.79,8.04,1.61,3.43,0.06,2.14,0.74,0.69,0,54.5,51.7,54.7,7.4,5.85,5.58,0.27,0.07,25.5,2,-0.3,V1
16,2.56,6.59,1.44,2.74,0.06,1.9,0.74,0.65,0,56.9,51.1,51.7,11.5,8.36,7.08,0.27,0.1,25.4,3,1.9,V1
17,3.03,7.15,1.55,2.91,0.04,1.88,0.75,0.67,0,53.9,49.7,50.6,8.52,6.11,5.93,0.09,0.03,24.5,2.2,1.5,V1
18,2.84,6.96,1.43,2.92,0.06,2.05,0.74,0.68,0,47.4,46.3,47.6,11.53,8.85,9.25,0.12,0.04,22.3,0.7,0.7,V1
19,2.88,6.69,1.5,2.82,0.13,1.88,0.81,0.68,0,55.5,50.2,48.2,13.56,11.22,9.72,0.34,0.12,24.8,2.3,3.8,V1
20,3.33,7.27,1.6,3.09,0.07,1.92,0.79,0.67,0,51.6,48.3,50.1,7.25,5.51,6.19,0.03,0.01,23.7,2,0.7,V1
21,3.21,7.2,1.52,3.1,0.04,2.03,0.78,0.68,0,60.5,49.4,49.6,10.58,5.43,5.3,0.11,0.03,25.3,5.6,3.3,V1
22,3.23,7.39,1.72,2.93,0.07,1.71,0.74,0.64,0,69.6,60.9,59.7,14.75,11.25,10.22,1.9,0.59,30.5,4.2,3.3,V1
23,3.7,7.66,1.61,3.27,0.06,2.03,0.79,0.7,0,56.6,52.8,54.2,5.85,4.41,4.37,0.23,0.06,26.1,2.2,0.9,V1
24,3.26,7.37,1.52,3.18,0.08,2.09,0.75,0.67,0,59.4,54.1,54.4,7.46,6.47,6.08,0.5,0.15,26.9,2.7,2,V1
25,3.45,7.22,1.85,2.7,0.07,1.45,0.83,0.69,0,67.2,54.4,52.2,12.71,9.12,8.12,0.87,0.25,27.9,6,5.1,V1
26,2.95,6.86,1.44,3.01,0.06,2.09,0.79,0.68,0,59.1,52,54.4,8.63,5.47,5.84,0.15,0.05,26.1,4,0.8,V1
27,3.15,7.15,1.44,3.18,0.06,2.21,0.77,0.69,0,70.8,59.3,57.4,18.34,11.37,9.76,1.08,0.34,30.1,5.5,4.3,V1
28,3.48,7.66,1.56,3.27,0.05,2.1,0.75,0.68,0,57.9,51.9,51.7,6.56,5.01,4.84,0.27,0.08,25.8,3,2.6,V1
29,3.41,7.39,1.63,3.17,0.09,1.94,0.78,0.66,0,70.2,55.3,53.6,14.64,8.31,7.07,1.1,0.32,28.7,7.2,5,V1
30,4,8.23,1.61,3.6,0.04,2.24,0.74,0.69,0,60,53.6,54,8.59,5.95,5.71,0.5,0.13,26.8,3.3,2.1,V1
31,3.27,7.22,1.63,2.95,0.07,1.82,0.79,0.68,0,55.2,50.1,52.4,6.62,4.28,4.15,0.08,0.02,24.9,3,0.6,V1
32,3.78,7.78,1.69,3.27,0.08,1.93,0.79,0.69,0,56,49.7,51.6,13.91,8.82,8.58,0.54,0.14,24.9,3.5,1.1,V1
33,3.69,7.8,1.84,3.07,0.06,1.67,0.76,0.66,0,57.5,50.4,54,7.72,6.35,6.57,0.16,0.04,25.4,4.3,0,V1
34,3.42,7.49,1.52,3.27,0.05,2.14,0.77,0.69,0,54.7,49.2,50.9,7.85,5.46,5.84,0.06,0.02,24.5,3.1,1.1,V1
35,3.41,7.42,1.52,3.18,0.07,2.09,0.78,0.7,0,56.6,49.2,53.3,7.52,5.03,4.95,0.05,0.01,24.8,4.5,-0.3,V1
36,3.41,7.49,1.52,3.27,0.07,2.14,0.76,0.69,0,61.1,53.6,57.9,6.47,4.86,4.71,0.31,0.09,27.1,4.6,-0.5,V1
37,2.68,6.57,1.59,2.61,0.06,1.64,0.78,0.65,0,69.6,60.6,59.1,22.16,15.9,13.21,1.04,0.39,30.4,4.3,3.6,V1
38,3.6,7.63,1.82,2.96,0.08,1.63,0.78,0.67,0,52.3,50.2,50.2,9.66,7.32,6.94,0.32,0.09,24.4,1,1.8,V1
39,3.1,7.1,1.55,3.03,0.06,1.95,0.77,0.66,0,58.2,46.4,49.1,10.94,6.57,7.28,0.02,0.01,24,6.4,1.6,V1
40,3.17,7.1,1.5,3.06,0.07,2.04,0.79,0.69,0,57,52.4,53.7,9.98,8.07,8.38,0.47,0.15,26,2.6,1.2,V1
41,3.15,7.1,1.55,3.03,0.06,1.95,0.79,0.67,0,182.5,181.7,154.4,11.7,14.12,13.75,0,0,75.7,1.6,10.3,V2
42,3.93,8.02,1.71,3.35,0.06,1.96,0.77,0.69,0.01,176.9,165.3,136.5,8.18,12.32,15.27,0.04,0.01,71.1,4.6,13.4,V2
43,4.21,8.18,1.78,3.43,0.07,1.93,0.79,0.69,0.04,182,170.7,139,7.56,10.49,11.42,0.01,0,72.8,4.3,14.5,V2
44,3.37,7.32,1.52,3.18,0.04,2.09,0.79,0.7,0,183.2,177.4,147.8,7.01,10.82,12.82,0.01,0,74.6,2.9,12.3,V2
45,4.13,8.06,1.69,3.43,0.05,2.03,0.8,0.71,0.01,182.7,175.7,145.1,12.14,15.04,14.11,0.01,0,74.1,3.2,13.1,V2
46,3.68,7.73,1.61,3.35,0.06,2.08,0.78,0.68,0,172,162.1,134.8,8.77,11.28,13.53,0.01,0,69.9,4,12.6,V2
47,3.82,7.68,1.69,3.27,0.06,1.93,0.81,0.69,0.01,175.1,168.4,143.1,19.83,19.75,15.95,0.16,0.04,71.8,3.4,10.8,V2
48,3.54,7.44,1.61,3.18,0.07,1.98,0.8,0.69,0,181.1,173.3,145.4,8.09,10.31,11.7,0,0,73.4,3.7,11.9,V2
49,3.88,7.88,1.66,3.32,0.05,2,0.79,0.7,0,164.8,159.8,138.5,11.66,13,12.86,0.01,0,68.8,2.9,9.1,V2
50,3.53,7.44,1.61,3.18,0.04,1.98,0.8,0.69,0,175.9,165.3,131.9,14.95,16.04,14.3,0.09,0.03,70.9,3.7,15.7,V2
51,4.45,8.47,1.78,3.6,0.06,2.03,0.78,0.7,0,174.1,167,139.3,14.32,15.66,13.57,0.07,0.02,71.3,3.2,12.2,V2
52,3.99,7.99,1.61,3.43,0.04,2.14,0.78,0.72,0,179,169.4,139.3,9.4,12.75,14.02,0.03,0.01,72.2,3.9,13.6,V2
53,4.28,8.3,1.78,3.52,0.05,1.98,0.78,0.68,0,176.2,167.4,139.4,9.13,14.13,16.24,0.02,0.01,71.6,3.8,12.5,V2
54,3.65,7.66,1.52,3.35,0.05,2.2,0.78,0.72,0,179.1,171.5,147.5,7.43,10.62,12.4,0.01,0,72.9,4,10,V2
55,4.31,8.52,1.69,3.69,0.03,2.18,0.75,0.69,0,174.1,163.9,136.1,9.62,13.51,16.5,0.01,0,70.5,4.2,12.8,V2
56,3.89,7.85,1.61,3.43,0.06,2.14,0.79,0.71,0,174.2,166.7,137.8,14.57,16.22,14.4,0.06,0.01,71.2,3.2,12.9,V2
57,4.56,8.35,1.85,3.52,0.05,1.9,0.82,0.7,0,178.8,174.4,147.6,11.26,16.52,17.96,0.05,0.01,73.6,2.6,10.9,V2
58,3.48,7.44,1.62,3.18,0.05,1.96,0.79,0.68,0,179.2,168.3,133.6,6.47,9.31,10.59,0,0,71.9,3.8,16.2,V2
59,3.69,7.61,1.61,3.27,0.06,2.03,0.8,0.7,0,166.7,158.4,137.1,10.42,11.55,12.5,0.01,0,68.6,4.1,9.5,V2
60,3.94,7.99,1.61,3.43,0.04,2.14,0.78,0.71,0,176.1,166.4,139.9,11.16,14.51,16.27,0.03,0.01,71.3,4.2,11.9,V2
61,3.96,7.9,1.69,3.35,0.05,1.98,0.8,0.7,0,172.4,163.9,137.6,13.17,13.41,11.62,0.06,0.02,70.4,3.7,11.8,V2
62,3.6,7.56,1.66,3.22,0.05,1.94,0.79,0.67,0,175.2,170.5,144.1,8.92,11.73,13.57,0,0,72.3,2.6,11,V2
63,2.93,7.01,1.44,2.98,0.06,2.08,0.75,0.68,0,176.9,164.4,131.7,13.13,14.02,11.07,0.05,0.02,70.7,4.5,15.6,V2
64,3.43,7.49,1.52,3.27,0.04,2.14,0.77,0.69,0,178.4,170.7,142,10.9,12.21,10.13,0.01,0,72.6,3.4,12.5,V2
65,3.53,7.66,1.52,3.35,0.05,2.2,0.76,0.69,0,178.5,171.6,142.3,9.58,12.14,12.13,0,0,72.8,3.1,12.7,V2
66,4.12,8.02,1.85,3.19,0.07,1.73,0.81,0.7,0,173.2,163.8,134.6,18.57,19.19,15.56,0.19,0.05,70.3,3.7,13.5,V2
67,4.16,8.09,1.82,3.22,0.07,1.77,0.8,0.71,0,169.7,163.7,140.1,15.74,17.04,14.56,0.16,0.04,70.2,3.1,10.2,V2
68,3.91,7.78,1.69,3.27,0.06,1.93,0.81,0.71,0,172.7,167.7,144.6,12.07,12.61,12.04,0.04,0.01,71.5,3,9.5,V2
69,4.41,8.44,1.78,3.48,0.04,1.96,0.78,0.71,0,167.1,158.3,130.3,21.17,22.18,19.8,0.41,0.09,68.4,3.4,13.2,V2
70,4.31,8.21,1.97,3.19,0.04,1.62,0.81,0.69,0,179,170.8,145.8,9.31,13.48,14.35,0.04,0.01,72.7,4.1,10.6,V2
71,4.18,7.75,2.21,2.7,0.05,1.22,0.87,0.7,0,173.4,164,137.1,15.66,17.93,17.42,0.13,0.03,70.5,4,12.2,V2
72,3.8,7.9,1.61,3.43,0.06,2.14,0.77,0.69,0,173,165.7,140.3,9.77,12.56,13.82,0.04,0.01,70.9,3.5,11.1,V2
73,3.9,7.95,1.61,3.43,0.06,2.14,0.78,0.71,0,171.4,157.6,128.1,11.83,13.43,13.12,0.04,0.01,68.6,5.1,14.6,V2
74,4.32,8.28,1.69,3.52,0.05,2.08,0.79,0.73,0,176.2,171.5,142.6,8.5,11.06,12.5,0,0,72.6,2.4,12.3,V2
75,3.28,7.32,1.42,3.19,0.08,2.25,0.77,0.73,0,178.7,167.6,133.7,11.02,15.68,16.05,0.04,0.01,71.7,3.9,15.8,V2
76,4.01,7.9,1.69,3.35,0.05,1.98,0.81,0.71,0,176.3,173.6,152.4,12.81,14.44,12.8,0.04,0.01,73.3,2.7,7.9,V2
77,4.26,8.4,1.69,3.6,0.03,2.13,0.76,0.7,0,170.7,158.3,127.6,17.01,16.04,12.23,0.12,0.03,68.7,4.4,15,V2
78,3.74,7.73,1.63,3.33,0.04,2.05,0.79,0.69,0,178.6,169.1,138.9,11.9,14.51,14.92,0.05,0.01,72.1,3.8,13.6,V2
79,4.11,7.97,1.78,3.35,0.06,1.89,0.81,0.69,0,173.2,161.3,126.7,13.26,14.15,14.15,0.11,0.03,69.6,3.9,16.8,V2
80,4.16,8.04,1.82,3.29,0.05,1.81,0.81,0.7,0,182.2,173.7,143.3,8.09,11.14,13.88,0,0,73.6,3.6,13.3,V2
81,2.99,7.06,1.44,3.01,0.05,2.09,0.75,0.69,0,48.8,47.5,50.8,11.68,8.98,8.94,0,0,23.1,1.2,-0.7,V3
82,3.23,7.15,1.55,3.03,0.06,1.95,0.8,0.69,0,69.1,51.4,51.3,9.45,5.61,5.29,0,0,27.2,8.8,4.6,V3
83,2.93,7,1.38,3.06,0.04,2.22,0.75,0.7,0,60.6,52.5,54.1,9.93,6.12,5.79,0,0,26.5,4.4,1.6,V3
84,3.62,7.78,1.6,3.33,0.06,2.07,0.75,0.68,0,57,52.5,52.7,10.65,8.4,7.91,0,0,26,2.2,2,V3
85,3.69,7.8,1.66,3.29,0.05,1.98,0.76,0.67,0,49.2,46.9,49.8,12.29,9.99,9.85,0.01,0,22.9,1.6,-0.2,V3
86,4,7.97,1.78,3.26,0.06,1.83,0.79,0.69,0,73.8,56.8,56.4,14.56,8.46,7.23,0,0,29.8,8.4,4.4,V3
87,3.13,7.1,1.51,2.99,0.06,1.98,0.78,0.69,0,61.1,45.3,45.5,12.22,7.38,7.66,0,0,23.9,8.1,4.3,V3
88,3.1,6.93,1.59,2.84,0.06,1.79,0.81,0.69,0,53.7,48.5,50.8,9.15,5.88,6.04,0,0,24.1,3,0.7,V3
89,3.28,7.27,1.59,3.07,0.07,1.93,0.78,0.67,0,50,47.3,48.3,10.87,7.97,7.91,0,0,23.1,1.5,1.2,V3
90,2.88,6.91,1.35,3.1,0.04,2.29,0.76,0.69,0,55.5,47.5,48.7,5.7,4.15,3.8,0,0,23.9,4.2,2,V3
91,3.65,7.49,1.61,3.18,0.07,1.98,0.82,0.71,0,54.7,51.9,54.4,7.74,6.2,6.05,0,0,25.5,1.9,0,V3
92,2.89,7.01,1.35,3.1,0.04,2.29,0.74,0.69,0,55,48.4,50,9.78,6.09,5.79,0,0,24.2,3.6,1.5,V3
93,3.24,7.15,1.56,3.06,0.07,1.97,0.8,0.68,0,59.1,48.3,49.5,10.53,6.52,6.38,0,0,24.7,5.6,2.5,V3
94,3.47,7.56,1.73,3.04,0.05,1.75,0.76,0.66,0,61.2,54.7,55.9,10.02,6.63,5.94,0,0,27.3,3.5,1.5,V3
95,3.72,7.73,1.69,3.18,0.06,1.88,0.78,0.69,0,56.2,48.8,50.1,11.42,7.44,8,0,0,24.5,4,1.8,V3
96,3.62,7.78,1.56,3.34,0.05,2.15,0.75,0.7,0,48.7,49,51.6,9.35,7.66,8.05,0,0,23.7,0.3,-0.5,V3
97,3.79,7.83,1.61,3.35,0.05,2.08,0.78,0.7,0,54.8,48.7,49.6,8.53,6.83,6.92,0,0,24.3,3.2,1.9,V3
98,3.76,7.9,1.6,3.43,0.03,2.14,0.76,0.68,0,58.3,50.6,52.2,10.52,7.93,7.28,0,0,25.5,4.1,1.6,V3
99,3.76,7.63,1.79,3.06,0.05,1.7,0.81,0.68,0,56,49.3,50.2,15.42,11.66,11.8,0,0,24.7,3.5,1.9,V3
100,3.65,7.37,1.61,3.1,0.07,1.93,0.84,0.73,0,61.7,54.7,56,7.26,6.11,5.85,0,0,27.4,3.8,1.5,V3
101,2.76,7.1,1.25,3.22,0.04,2.58,0.69,0.69,0,56.9,51,52.8,8.08,5.46,5.46,0,0,25.4,3.3,1.1,V3
102,2.95,7.13,1.37,3.14,0.05,2.28,0.73,0.68,0,49.5,45.5,46.5,6.52,4.18,4.47,0,0,22.3,2.1,1.5,V3
103,3.28,7.17,1.56,3,0.07,1.93,0.8,0.7,0,57.4,47.6,50,8.13,4.84,5,0,0,24.3,5.3,1.4,V3
104,2.66,6.57,1.35,2.93,0.05,2.16,0.77,0.67,0,60.3,49.7,51.7,10.65,6.72,6.92,0,0,25.4,5.7,1.8,V3
105,3.74,7.83,1.61,3.35,0.04,2.08,0.77,0.7,0,53.2,46.7,48.2,7.84,5.26,5.51,0,0,23.3,3.5,1.5,V3
106,3.21,7.03,1.52,3.01,0.07,1.98,0.82,0.7,0,59.6,54,56.3,8.12,6.41,6.54,0,0,26.9,3.3,0.6,V3
107,2.88,6.69,1.44,2.93,0.04,2.04,0.81,0.68,0,59.4,51.3,52.6,11.56,7.61,7.71,0,0,25.9,4.3,1.8,V3
108,2.63,6.45,1.36,2.82,0.06,2.07,0.8,0.69,0,55.3,50,51.7,6.91,5.08,4.58,0,0,24.8,3,1.1,V3
109,3.44,7.47,1.52,3.18,0.06,2.09,0.78,0.71,0,48.9,46.1,47.9,8.97,5.81,6.19,0,0,22.5,1.7,0.6,V3
110,3.61,7.83,1.51,3.41,0.04,2.25,0.74,0.7,0,55.2,48.8,50.2,11.16,7.83,7.82,0,0,24.4,3.4,1.5,V3
111,3.58,7.56,1.62,3.26,0.05,2.01,0.79,0.68,0.52,48.8,46.4,48.2,7.81,5.13,5.79,0,0,22.6,1.4,0.6,V3
112,3.48,7.44,1.62,3.21,0.07,1.98,0.79,0.67,0.52,60.4,48.2,51,9.32,6.12,5.58,0,0,25,6.6,1.6,V3
113,3.1,6.98,1.48,3.03,0.09,2.05,0.8,0.69,0.35,49.2,46.3,47.2,9.12,6.99,6.06,0,0,22.6,1.5,1.4,V3
114,3.34,7.44,1.57,3.21,0.04,2.04,0.76,0.66,0.47,56.4,47.9,49.4,12.76,8.58,8.8,0,0,24.2,4.5,1.9,V3
115,2.55,6.33,1.35,2.82,0.06,2.09,0.8,0.67,0.19,59.8,45.4,47.5,10.56,6.26,6.41,0,0,23.8,7.6,2.6,V3
116,2.99,7.03,1.44,3.1,0.04,2.15,0.76,0.67,0.33,65.6,48.8,48.9,12.2,6.29,6.26,0,0,25.8,8.4,4.4,V3
117,3.02,7.03,1.47,3.09,0.04,2.1,0.77,0.66,0.32,49.4,47.9,48.5,11.56,11.65,11.12,0.01,0,23.2,0.7,1.3,V3
118,3.51,7.44,1.61,3.18,0.05,1.98,0.8,0.69,0.55,53.5,46.9,49.1,7.51,7.33,7.36,0.01,0,23.4,3.7,1,V3
119,3.33,7.39,1.62,3.07,0.05,1.9,0.77,0.67,0.45,53.4,48,49.5,9.83,6.44,6.64,0,0,23.8,2.9,1.3,V3
120,3.66,7.78,1.61,3.35,0.04,2.08,0.76,0.68,0.6,58.8,50.2,50.9,10.37,7.03,6.72,0,0,25.4,4.4,2.4,V3
121,3.71,7.59,1.61,3.18,0.06,1.98,0.81,0.72,0,83.4,55.6,50.1,13.16,7.6,5.26,0,0,30.6,12.8,9.9,V4
122,3.51,7.44,1.66,3.07,0.04,1.84,0.8,0.69,0,67.3,51.6,50.5,8.35,5.52,4.91,0,0,27,7.6,4.9,V4
123,3.71,7.56,1.73,3.1,0.09,1.79,0.82,0.69,0,100.4,68.3,59.2,25.21,17.45,11.42,0,0,36.8,14,12,V4
124,2.92,6.88,1.44,2.95,0.06,2.05,0.78,0.69,0,77.5,52.6,52.4,11.93,5.68,4.35,0,0,28.9,12.2,6,V4
125,2.68,6.74,1.41,2.87,0.03,2.04,0.74,0.66,0,74.4,53.4,50.6,13.62,7.53,6.25,0,0,28.6,10,7,V4
126,3.26,7.2,1.52,3.1,0.07,2.03,0.79,0.69,0,65,52.6,53.9,14.34,8.3,8.1,0,0,27.1,6.4,2.5,V4
127,3.22,7.08,1.52,3.01,0.06,1.98,0.81,0.7,0,80.4,54.2,52.7,13.89,6.78,5.67,0,0,29.8,12.6,7,V4
128,3.31,7.03,1.61,2.93,0.07,1.82,0.84,0.7,0,78.3,59.7,49.4,19.45,13.43,9.73,0,0,31,7.6,11.4,V4
129,3.43,7.32,1.52,3.18,0.05,2.09,0.8,0.71,0,69.2,51.7,48.4,14.05,7.22,5.44,0,0,27.2,8.2,6.8,V4
130,3.11,7.15,1.47,3.19,0.03,2.17,0.76,0.66,0,69.6,51.7,50.4,13.8,8.09,7.17,0,0,27.4,8.7,5.5,V4
131,3.13,7.1,1.51,2.95,0.06,1.95,0.78,0.7,0,76.5,49.4,44.7,17.92,8.91,7.21,0,0,27.5,12.9,9.8,V4
132,3.5,7.37,1.61,3.1,0.07,1.93,0.81,0.7,0,75.6,53.9,51.6,12.8,7.61,6.43,0,0,28.9,10.4,6.7,V4
133,3.54,7.27,1.69,3.01,0.04,1.78,0.84,0.7,0,86.1,57.4,51.3,18.61,11.45,8.95,0,0,31.5,13.1,10.3,V4
134,3.85,7.85,1.61,3.4,0.05,2.12,0.79,0.7,0,74.4,53.8,51.6,18.97,10.16,8.78,0,0,28.8,9.9,6.4,V4
135,3.56,7.56,1.7,3.03,0.08,1.78,0.78,0.69,0,79.9,53.7,49.9,15.35,7.42,5.73,0,0,29.5,12.4,8.6,V4
136,3.66,7.61,1.61,3.27,0.05,2.03,0.79,0.7,0,88.7,58.4,51.6,15.53,8.39,6.79,0,0,32.2,13.8,11.1,V4
137,3.8,7.97,1.6,3.51,0.05,2.19,0.75,0.67,0,84,59.8,51.7,15.01,10.29,7.14,0,0,31.9,10.7,10.8,V4
138,3.23,7.15,1.52,3.1,0.04,2.03,0.79,0.68,0,78.4,52.1,46.9,14.09,7.21,5.12,0,0,28.7,12.3,9.8,V4
139,3.28,7.25,1.52,3.1,0.04,2.03,0.79,0.7,0,76,52.3,48.9,12.88,6.21,5.14,0,0,28.5,11.2,8,V4
140,3.73,7.73,1.73,3.16,0.05,1.83,0.79,0.68,0,92.3,60.5,54.4,11.99,7.83,6.22,0,0,33.4,14.5,10.6,V4
141,3.38,7.37,1.52,3.18,0.07,2.09,0.78,0.7,0,71.4,54.7,52.8,10.87,8.29,7.83,0,0,28.6,8,5.5,V4
142,3.31,7.56,1.48,3.37,0.05,2.28,0.73,0.67,0,74.5,55.3,52.1,11.62,6.96,5.34,0,0,29.2,9,6.9,V4
143,3.41,7.46,1.59,3.18,0.05,2,0.77,0.68,0,86.4,55.6,50.4,14.19,7.45,5.1,0,0,31,14.3,10.3,V4
144,3.61,7.71,1.52,3.35,0.06,2.2,0.76,0.71,0,79.1,54,51.5,21.75,11.89,8.4,0.01,0,29.5,12.1,7.4,V4
145,3.18,7.15,1.59,2.95,0.06,1.86,0.78,0.68,0,67.6,50.8,50.7,12.23,7.44,6.54,0,0,26.8,8.4,4.4,V4
146,3.54,7.42,1.69,3.01,0.05,1.78,0.81,0.7,0,72.9,53.3,50.4,17.01,9.37,6.99,0,0,28.3,9.3,6.9,V4
147,2.81,6.67,1.44,2.91,0.06,2.03,0.79,0.67,0,81.9,50.1,44.1,19,9.6,7.01,0,0,28.6,15,11.6,V4
148,3.32,7.42,1.44,3.27,0.04,2.27,0.76,0.71,0,84.2,53.6,50.2,14.69,6.92,6.01,0,0,30.1,14.5,9.1,V4
149,3.07,6.79,1.52,2.84,0.04,1.87,0.84,0.71,0,81,55.8,51.2,11.88,7.48,6.67,0,0,30.3,11.7,8.8,V4
150,3.47,7.61,1.51,3.29,0.05,2.18,0.75,0.7,0,68.2,53.9,53.4,8.23,5.77,5.39,0,0,28,7.1,4.1,V4
151,3.03,7.03,1.44,3.03,0.06,2.11,0.77,0.7,0,88.6,59.3,52.9,14.49,8.5,6.27,0,0,32.5,13.3,10.5,V4
152,3.58,7.61,1.61,3.27,0.06,2.03,0.78,0.68,0,68.8,49.5,48,14.22,5.84,5.03,0,0,26.5,9.4,6,V4
153,3.54,7.34,1.79,2.82,0.08,1.57,0.83,0.7,0,90.2,65.6,55.1,22.91,13.92,9.14,0,0,34.5,10.4,12,V4
154,3.34,7.22,1.61,3.1,0.06,1.93,0.81,0.67,0,80.1,54.3,50.5,11.53,6.16,5.26,0,0,29.7,12.1,8.5,V4
155,3.36,7.27,1.61,3.06,0.12,1.89,0.8,0.68,0,77.5,53.4,49.8,12.98,7.78,6.64,0,0,29,11.4,8.2,V4
156,3.68,7.68,1.69,3.27,0.06,1.94,0.78,0.67,0,83.9,57.1,50.8,14.46,7.19,5.03,0,0,31.1,12.2,10.2,V4
157,3.05,7.3,1.35,3.27,0.07,2.41,0.72,0.69,0,72.7,51.7,49.7,14.39,8.21,7.7,0,0,27.8,10.2,6.5,V4
158,3.38,7.2,1.61,3.01,0.07,1.87,0.82,0.7,0,76.4,55.8,52.9,11.51,5.93,4.83,0,0,29.7,9.7,6.9,V4
159,2.54,6.43,1.27,2.84,0.09,2.24,0.77,0.7,0,91.2,58.2,50.1,15.85,8.88,5,0,0,32.5,14.9,12.5,V4
160,2.69,6.45,1.4,2.84,0.06,2.03,0.81,0.68,0,76.3,51.5,47.1,12.97,5.26,4.02,0,0,28.2,11.7,9,V4
161,2.79,6.74,1.46,2.91,0.04,2,0.77,0.66,0.27,77.5,57.1,52.5,14.23,10.29,8.89,0,0,30.2,9.4,8,V5
162,3.38,7.39,1.6,3.11,0.05,1.94,0.78,0.68,0.45,76.4,51.1,46.1,23.78,15.67,12,0,0,28,11.9,9.5,V5
163,3.04,6.98,1.51,2.93,0.04,1.94,0.78,0.69,0.32,119.9,77.1,57.7,10.87,10.67,8.72,0,0,41.8,17.4,19.5,V5
164,3.33,7.39,1.59,3.07,0.07,1.93,0.77,0.68,0.45,79.6,52.4,47.6,13.19,7,5.16,0,0,29,12.8,9.7,V5
165,2.5,6.84,1.26,3.06,0.06,2.43,0.67,0.65,0.13,80.9,54,48.8,11.88,8,5.08,0,0,29.7,12.5,9.7,V5
166,2.8,6.62,1.35,2.93,0.04,2.16,0.8,0.71,0.27,91.1,57,48.8,18.31,9.58,6.32,0,0,32.1,15.5,12.8,V5
167,3.36,7.24,1.66,2.91,0.06,1.75,0.81,0.69,0.48,71.1,51.2,47.9,8.54,5.93,5.68,0,0,27.3,9.4,7.3,V5
168,3.42,7.49,1.52,3.27,0.04,2.14,0.77,0.69,0.47,98.6,56.3,45.5,17.04,10.4,6.73,0,0,33,19,16.1,V5
169,3.48,7.59,1.52,3.27,0.05,2.14,0.76,0.7,0.5,89.7,56,47.7,19.98,10.43,5.69,0,0,31.6,15.3,12.9,V5
170,3.44,7.32,1.61,3.1,0.07,1.93,0.81,0.69,0.49,102.3,58.7,42.7,24.74,15.39,10.11,0,0,34.1,19,19.6,V5
171,3.18,7.05,1.56,2.86,0.07,1.83,0.81,0.71,0,110.9,66.4,47.3,19.39,13.37,7.35,0,0,37.5,18.6,20.8,V5
172,3.05,7.03,1.55,2.88,0.06,1.85,0.78,0.68,0,124.5,75.8,52.4,11.91,9.26,4.98,0,0,42,19.7,23,V5
173,3.22,6.98,1.61,2.93,0.06,1.82,0.83,0.68,0,108.8,65,50.1,16.7,11.52,8.71,0.01,0,36.9,18.7,18.1,V5
174,3.33,7.27,1.66,2.99,0.04,1.8,0.79,0.67,0,92.4,58,48.3,15.75,8.14,4.93,0,0,32.6,15.4,13.8,V5
175,3.39,7.29,1.66,3.03,0.03,1.82,0.8,0.67,0,90.5,55.1,45.8,13.94,7.87,5.11,0,0,31.4,16,14,V5
176,3.4,7.45,1.44,3.18,0.04,2.21,0.77,0.74,0,84.7,56.9,48.7,22.3,12.66,8.2,0,0,31.1,12.4,11.8,V5
177,3.13,7.05,1.57,2.81,0.06,1.79,0.79,0.71,0,119.4,75.5,49.4,20.04,15.94,7.55,0,0,41.1,17.4,24.2,V5
178,2.98,7.2,1.31,3.25,0.05,2.48,0.72,0.7,0,111.6,65.2,46.6,15.53,12.13,6.39,0,0,37.3,19.6,21,V5
179,3.64,7.56,1.63,3.22,0.07,1.97,0.8,0.69,0,100.7,58.6,47.4,22.15,14.75,10.09,0,0,34,18.7,16.1,V5
180,3.45,7.56,1.66,3.1,0.05,1.86,0.76,0.67,0,98.1,58.2,47.1,20.38,11.18,5.23,0,0,33.5,17.8,15.7,V5
181,2.62,6.5,1.35,2.84,0.05,2.1,0.78,0.68,0,74.6,45.3,42.8,11.62,4.07,3.49,0,0,26,14.5,9,V5
182,3.16,7,1.56,2.88,0.07,1.85,0.81,0.71,0,111.8,75.3,52.2,9.44,8.86,7.54,0.01,0,40.1,14.3,21.2,V5
183,3.11,7.05,1.51,2.99,0.06,1.98,0.79,0.69,0,86.4,52.6,46.4,17.86,9.14,6.25,0,0,30.1,15.8,11.8,V5
184,3.53,7.61,1.63,3.18,0.04,1.95,0.77,0.68,0,86.8,49.3,42.1,21.48,10.66,7.45,0,0,29.1,17.6,13.6,V5
185,3.31,7.25,1.58,2.98,0.08,1.89,0.79,0.7,0,101,58,45.1,12.21,8.44,6.75,0,0,33.8,19.1,17.5,V5
186,3.34,7.44,1.55,3.07,0.05,1.98,0.76,0.7,0,92,57.3,50.5,13.69,7.91,5.34,0,0,32.4,15.9,11.9,V5
187,3.05,7.03,1.52,2.95,0.04,1.94,0.78,0.68,0,81.7,53.9,48.8,11.76,7.59,5.85,0,0,29.8,13,9.8,V5
188,3.53,7.66,1.52,3.35,0.04,2.2,0.76,0.69,0,92.4,55.8,47.6,17.65,8.49,5.12,0,0,31.9,16.7,13.4,V5
189,3.22,7.15,1.52,3.1,0.07,2.03,0.79,0.68,0,88.5,53.9,46.1,15.9,8.14,5.16,0,0,30.7,15.9,12.9,V5
190,2.85,6.79,1.4,2.84,0.06,2.03,0.78,0.72,0,81.5,52.5,46.7,15.83,9.16,7.74,0,0,29.3,13.5,10.6,V5
191,3.38,7.49,1.52,3.27,0.07,2.14,0.76,0.68,0,103.6,63.2,51,15.85,9.63,6.65,0,0,35.7,17.6,16,V5
192,3.55,7.61,1.61,3.27,0.05,2.03,0.77,0.68,0,93.3,55.7,48.2,15.84,9.01,7.29,0,0,32.1,17.2,13.1,V5
193,3.33,7.32,1.61,3.1,0.07,1.93,0.78,0.67,0,77.6,55.7,52.2,17.31,8.68,6.36,0,0,29.8,10.3,7.5,V5
194,2.98,6.91,1.51,2.84,0.06,1.88,0.78,0.69,0,91.4,57.1,47.7,16.92,10.23,7.39,0,0,32.1,15.4,13.7,V5
195,3.14,7.15,1.51,3.03,0.06,2,0.77,0.69,0,96.8,58.1,46.2,20.26,12.47,8.28,0,0,33.2,17.1,16.1,V5
196,3.12,7.03,1.44,3.1,0.04,2.15,0.79,0.7,0,113.4,62.5,44.4,13.24,9.78,7.64,0,0,36.9,21.8,21.6,V5
197,3.54,7.49,1.61,3.18,0.04,1.98,0.79,0.69,0,96.7,54.8,44.3,15.22,8.1,4.97,0,0,32.3,18.9,16,V5
198,3.2,7.1,1.52,3,0.04,1.97,0.8,0.7,0,93.7,60.2,49.9,14.97,9.44,5.57,0,0,33.4,14.8,13.9,V5
199,3.37,7.37,1.61,3.1,0.04,1.93,0.78,0.68,0,83.2,56,50.4,14.46,8.79,6.31,0,0,30.7,12.5,9.9,V5
200,3.11,6.98,1.51,2.95,0.04,1.95,0.8,0.69,0,90.7,57.7,49.9,12.88,7.76,5.58,0,0,32.3,15,12.3,V5
201,3.42,7.47,1.52,3.18,0.06,2.09,0.77,0.71,0,97.2,56.9,45.9,15.93,10.16,6.67,0,0,32.9,18,15.9,V6
202,3.2,7.1,1.6,2.87,0.07,1.8,0.8,0.7,0,85.2,56.1,52.9,14.8,10.65,8.54,0,0,31.1,13.8,8.5,V6
203,3.61,7.83,1.58,3.33,0.04,2.11,0.74,0.69,0,99.9,66.1,49.8,11.66,7.93,6.03,0,0,35.9,14,17.4,V6
204,3.72,7.73,1.61,3.35,0.05,2.08,0.78,0.69,0,90.4,60,51.9,14.86,8.41,6.16,0,0,32.9,13.6,11.8,V6
205,3.31,7.15,1.6,2.96,0.06,1.85,0.81,0.7,0,73.6,55.2,52.1,15.3,8.54,5.57,0,0,29.1,8.6,6.6,V6
206,3.58,7.46,1.97,2.76,0.09,1.4,0.81,0.66,0,115.3,69.8,46.5,19.73,13.97,8.39,0,0,39,18.6,23.3,V6
207,3.77,7.9,1.44,3.43,0.07,2.39,0.76,0.76,0,82.8,52.4,47.5,13.74,7.66,6.78,0,0,29.5,14.3,10.3,V6
208,3.82,7.63,2.02,2.78,0.05,1.38,0.83,0.68,0,64.8,52.7,51.3,13.69,8.27,7.44,0,0,27,5.8,4.4,V6
209,3.61,7.68,1.51,3.33,0.05,2.2,0.77,0.72,0,103.1,63.3,52.2,13.66,10.44,8.96,0,0,35.7,17.4,15.1,V6
210,3.51,7.51,1.59,3.22,0.05,2.02,0.78,0.69,0,113.7,65,43.1,17.52,11.14,5.8,0,0,37.5,20.4,23.4,V6
211,3.08,7.05,1.44,3.06,0.06,2.13,0.78,0.7,0,95.8,56.6,45.8,17.21,9.22,6.69,0,0,32.6,17.6,15.6,V6
212,3.56,7.44,1.61,3.18,0.04,1.98,0.81,0.7,0,88.2,53.6,46.2,11.46,6.82,6.27,0,0,30.6,15.9,12.7,V6
213,3.9,7.83,1.69,3.27,0.06,1.93,0.8,0.71,0,84.7,58.4,52.5,12.52,9.54,9.75,0,0,31.6,12,9.7,V6
214,3.94,8.02,1.72,3.36,0.06,1.95,0.77,0.68,0,104.9,60.5,43.4,15.03,9.74,5.88,0,0,35,19.1,20.2,V6
215,3.36,7.32,1.56,3.05,0.04,1.96,0.79,0.7,0,78.7,56.4,52,19.07,12.04,8.57,0,0,30.1,10.3,8.2,V6
216,3.8,7.78,1.69,3.27,0.06,1.93,0.79,0.69,0,103.5,59.3,44.2,14.67,9.41,7.05,0,0,34.5,19.3,19,V6
217,3.23,7.13,1.52,3.01,0.05,1.98,0.8,0.7,0,117.3,76.2,49,20.4,16.46,8.63,0,0,41,16,24.4,V6
218,3.24,7.22,1.78,2.78,0.07,1.56,0.78,0.66,0,82.6,50.2,45.4,16.31,8.61,7.2,0,0,28.8,15.4,10.8,V6
219,3.59,7.82,1.56,3.3,0.04,2.12,0.74,0.7,0,59.1,49.1,51.4,13.73,9.27,9.1,0,0,25.1,5.4,1.5,V6
220,3.31,7.13,1.52,3.01,0.04,1.98,0.82,0.72,0,96.7,61.2,49.7,17.97,11.13,7.34,0,0,34.1,15.5,14.9,V6
221,3.72,7.73,1.61,3.35,0.05,2.08,0.78,0.69,0,96.1,55.1,45.9,15.36,9.97,7.91,0,0,32.3,18.7,14.9,V6
222,3.29,7.08,1.82,2.66,0.06,1.46,0.83,0.68,0,94.7,55.2,47.3,20.93,12.44,10.19,0,0,32.1,18.1,13.8,V6
223,2.77,7.04,1.18,3.18,0.04,2.69,0.7,0.74,0,99.5,57.2,44.7,15.31,9.86,7.04,0,0,33.3,18.8,17.1,V6
224,3.28,7.2,1.52,3.1,0.03,2.03,0.79,0.7,0,85.1,56.6,49.5,17.47,9.19,7.25,0,0,31.1,13,11.1,V6
225,3.15,7.08,1.44,3.1,0.06,2.15,0.79,0.71,0,109.3,64.3,44.8,14.92,10.18,5.01,0,0,36.7,19,21.4,V6
226,2.55,6.28,1.35,2.76,0.06,2.04,0.81,0.68,0,121.9,75.7,48.8,12.73,9.4,6.21,0,0,41.5,18.3,24.9,V6
227,3.21,7.1,1.56,3,0.06,1.93,0.8,0.69,0,96,59.6,48.2,9.99,6.51,6.07,0,0,33.5,16.1,15.1,V6
228,3.16,7.2,1.52,3.09,0.05,2.04,0.77,0.67,0,123.6,74.8,47.7,15.98,13.03,6.42,0,0,41.5,19.5,25.5,V6
229,3.15,7.15,1.52,3.1,0.04,2.03,0.77,0.67,0,97.4,54.5,43.6,14.44,8.21,5.51,0,0,32.3,19.4,16.5,V6
230,3.32,7.17,1.67,2.88,0.1,1.72,0.81,0.69,0,100.3,58.7,44.9,12.58,7.02,4.48,0,0,33.9,18.3,17.7,V6
231,3.05,7.08,1.44,3.1,0.06,2.15,0.76,0.68,0,84.9,51.5,43,12.8,6.99,5.49,0,0,29.4,15.4,13.5,V6
232,3.05,6.86,1.73,2.64,0.12,1.52,0.81,0.67,0,101.9,63.1,50.8,11.78,7.76,6.92,0,0,35.4,16.9,15.8,V6
233,3.53,7.56,1.61,3.27,0.03,2.03,0.78,0.67,0,76.9,53.1,49.8,14.64,8.14,6.32,0,0,28.8,11.3,7.9,V6
234,3.45,7.36,1.69,2.96,0.06,1.75,0.8,0.69,0,88,55.4,49.5,14.07,8.04,6.87,0,0,31.2,15.1,11.1,V6
235,3.66,7.51,1.75,3.06,0.07,1.74,0.82,0.68,0,93.6,57.5,46.7,17.49,10.5,7.41,0,0,32.5,16.1,14.9,V6
236,3.81,7.97,1.72,3.28,0.06,1.91,0.76,0.68,0,88.2,55.8,46.9,20.03,12.1,9.66,0,0,31.2,14.7,13.1,V6
237,3.66,7.61,1.61,3.27,0.05,2.03,0.8,0.7,0,103.6,59.7,48.1,17.02,11.66,6.73,0,0,34.7,19.4,16.6,V6
238,3.18,7.03,1.52,3.01,0.04,1.98,0.81,0.69,0,96.8,60.7,49.5,16.29,10.55,6.07,0,0,34,15.9,14.9,V6
239,3.61,7.65,1.61,3.18,0.08,1.97,0.78,0.7,0,95.3,57.6,46.7,20.71,12.18,8.63,0,0,32.9,16.8,15.3,V6
240,3.29,7.27,1.55,3.07,0.07,1.98,0.78,0.69,0,110.4,66.7,51.9,15.61,10.96,7.33,0,0,37.7,18.7,17.9,V6
241,3.7,7.56,1.78,3.03,0.05,1.7,0.81,0.69,0,109.7,71.1,55.2,11.93,7.39,5.31,3.45,0.93,38.8,16.1,17.3,V7
242,3.33,7.39,1.51,3.18,0.07,2.1,0.77,0.69,0,113.2,73.9,53.2,17.13,12.36,6.99,2.91,0.87,39.9,15.8,20.2,V7
243,3.16,7.11,1.44,3.01,0.07,2.09,0.79,0.73,0,106.8,63.9,49.5,13.49,7.93,5.37,2.24,0.71,36.3,18.5,17.7,V7
244,3.47,7.39,1.63,2.99,0.05,1.84,0.8,0.71,0,92.9,58.8,50,19.98,12.46,10.57,1.87,0.54,32.9,15.3,13.1,V7
245,4.72,8.63,2.05,3.37,0.07,1.65,0.8,0.69,0,93.3,64.5,53.4,14.34,9.23,6.81,3.4,0.72,34.6,12.3,13.3,V7
246,3.24,7.1,1.61,3.01,0.06,1.87,0.81,0.67,0,117.5,75,56.8,8.51,6.72,4.94,3.22,0.99,40.9,17.4,19,V7
247,3.7,7.46,1.69,3.18,0.05,1.88,0.84,0.69,0,118.8,76.4,56.6,16.1,11.83,5.99,3.38,0.91,41.4,17.2,19.8,V7
248,3.47,7.37,1.52,3.18,0.05,2.09,0.8,0.72,0,109.5,71,54.5,18.45,11.72,6.66,2.91,0.84,38.7,16,17.7,V7
249,3.52,7.37,1.52,3.18,0.04,2.09,0.82,0.73,0,131.2,87.5,59.7,15.28,14.8,8.68,3.38,0.96,45.9,16.7,23.7,V7
250,3.61,7.61,1.61,3.27,0.05,2.03,0.78,0.69,0,125.4,87.3,66.2,14.69,13.28,8.02,3.48,0.96,45.3,14.9,18.8,V7
251,2.57,6.45,1.31,2.79,0.06,2.13,0.78,0.7,0,120,82,65.9,14.57,11,7.46,2.47,0.96,43.2,15.5,16.2,V7
252,3.78,7.83,1.61,3.35,0.04,2.08,0.78,0.7,0,131.6,84.1,60,11.7,11.53,7.53,3.73,0.99,45.2,18.7,22.3,V7
253,3.73,7.78,1.61,3.35,0.04,2.08,0.78,0.69,0,114.7,73.4,57.2,14.97,10.87,8.1,3.28,0.88,40.1,17.2,17.7,V7
254,3.07,6.91,1.52,2.93,0.04,1.92,0.81,0.69,0,106.6,71.9,56.9,18.34,11.61,6.26,2.61,0.85,38.6,14.4,16,V7
255,3.29,7.27,1.61,3.1,0.04,1.93,0.78,0.66,0,119.7,78.1,61.2,14.88,11.96,8.31,3.1,0.94,42.1,17.1,17.7,V7
256,3.03,6.91,1.44,3.01,0.04,2.09,0.8,0.7,0,114.6,68.5,50.3,11.31,7.24,6.11,2.67,0.88,38.7,19.4,20.2,V7
257,4.15,8.04,1.61,3.43,0.05,2.14,0.81,0.75,0,120.1,77,54.8,18.42,13.67,8.88,3.71,0.89,41.7,17.3,21.3,V7
258,3.16,7.25,1.53,3.06,0.04,2,0.75,0.68,0,116.3,73.3,54,18.24,13.61,8.11,2.67,0.85,40.2,17.7,19.9,V7
259,3,6.86,1.44,3.01,0.04,2.09,0.8,0.69,0,105.1,65.5,55.4,18.17,9.78,6.1,2.35,0.78,36.6,17.4,14.2,V7
260,2.87,6.76,1.42,2.98,0.04,2.1,0.79,0.68,0,122.7,77.1,54.1,10.19,8.69,4.29,2.8,0.97,42.1,18.3,22.2,V7
261,3.32,7.37,1.52,3.18,0.07,2.09,0.77,0.69,0,113,70.5,54.4,16.8,9.38,4.77,2.92,0.88,39.1,17.8,18.1,V7
262,3.03,6.91,1.52,2.93,0.06,1.92,0.8,0.68,0,112.4,72.2,55,15.92,9.68,7.5,2.72,0.9,39.4,16.6,18.3,V7
263,3.31,7.42,1.52,3.18,0.05,2.09,0.76,0.68,0,106.9,65.7,52.8,18.55,10.82,5.99,2.26,0.68,36.9,17.8,16.3,V7
264,3.12,6.98,1.52,3.01,0.06,1.98,0.8,0.68,0,120,77,55.3,13.31,9.01,5.62,3.01,0.97,41.7,17.3,21,V7
265,2.93,7.01,1.39,3.04,0.07,2.19,0.75,0.69,0,110.7,69.4,52.9,15.02,10.96,7.95,2.4,0.82,38.4,17.3,18.3,V7
266,3.36,7.1,1.61,3.01,0.07,1.87,0.84,0.69,0,98.2,59.1,49.9,20.9,12.89,9.84,1.68,0.5,33.8,17.5,14.2,V7
267,3,6.96,1.44,3.01,0.04,2.09,0.78,0.69,0,107.6,69.2,55.8,15.6,10.06,6.85,2.54,0.84,38,16.3,15.9,V7
268,3.52,7.42,1.52,3.18,0.05,2.09,0.8,0.73,0,104.4,64.2,52.8,17.57,11.26,8.28,2.41,0.68,36.1,17.5,15.3,V7
269,3.36,7.17,1.73,2.83,0.07,1.64,0.82,0.69,0,106.4,70.2,54.6,11.98,10.02,7.79,2.97,0.88,38,15.1,16.8,V7
270,2.91,6.84,1.44,2.93,0.04,2.04,0.78,0.69,0,129.4,82.7,58.4,15.21,12.41,6.7,2.73,0.94,44.5,18.4,22.5,V7
271,3.28,7.17,1.91,2.64,0.03,1.38,0.8,0.65,0,104.2,66.3,54.3,13,8.63,6.13,2.65,0.81,36.7,16.4,15.1,V7
272,3.28,7.13,1.52,3.01,0.05,1.98,0.81,0.72,0,124.1,80.6,57.3,14.67,11.07,5.15,3.19,0.97,43.2,17.2,21.7,V7
273,2.86,6.81,1.51,2.8,0.07,1.85,0.78,0.68,0,138.1,88.2,53.5,11.32,12.06,5.81,2.84,0.99,46.9,18.7,28.6,V7
274,2.83,6.45,1.44,2.76,0.05,1.92,0.85,0.71,0,125.1,82.9,56.2,16.92,15.05,8.89,2.64,0.93,43.9,16.3,23.4,V7
275,3.58,7.49,1.61,3.18,0.04,1.98,0.8,0.7,0,142.6,99.2,64.7,13.31,14.48,10.43,3.21,0.9,50.4,15.6,26.4,V7
276,2.98,6.81,1.61,2.76,0.07,1.71,0.81,0.67,0,129.4,84.4,58.7,11.68,11.1,7.42,2.9,0.97,44.9,17.5,23,V7
277,2.8,6.89,1.27,3.1,0.04,2.44,0.74,0.71,0,140.1,98.1,65.5,14.11,13.77,7.95,2.74,0.98,49.8,15.3,25.2,V7
278,2.87,6.62,1.44,2.84,0.04,1.98,0.82,0.7,0,127.5,82,53.6,11.84,10.92,7,2.76,0.96,44,17.6,25,V7
279,3.4,7.22,1.68,2.95,0.07,1.75,0.82,0.69,0,101.2,65.4,56.6,16.05,8.71,5.52,2.67,0.79,36.1,15.8,12.7,V7
280,2.8,6.57,1.48,2.76,0.05,1.87,0.81,0.69,0,124.2,79.1,56,16.12,12.32,7.33,2.59,0.93,42.8,18,22,V7
281,3.31,7.32,1.52,3.18,0.07,2.09,0.78,0.68,0,113.1,73.8,55.5,15,10.06,4.78,2.99,0.9,39.9,16.1,18.7,V8
282,3.32,7.37,1.52,3.18,0.04,2.09,0.77,0.69,0,124.3,84.4,60.3,15.06,12.34,6.06,3.3,0.99,44.3,15.4,21.3,V8
283,3.63,7.68,1.66,3.26,0.06,1.96,0.78,0.67,0,86.3,59.4,53.5,12.31,5.93,4.1,1.93,0.53,32.2,12.2,9.8,V8
284,3.61,7.37,1.61,3.1,0.04,1.93,0.83,0.72,0,96,60.8,51.4,18.22,10.68,6.2,1.91,0.53,33.9,15.7,13.5,V8
285,3.64,7.44,1.69,3.1,0.07,1.83,0.83,0.7,0,111.3,78.3,56.7,31,21.25,11.5,2.76,0.76,40.9,12.8,19.4,V8
286,3.89,7.83,1.61,3.35,0.04,2.08,0.8,0.72,0,98,64.3,53.5,14.47,9.19,5.34,2.61,0.67,35.2,14.7,13.8,V8
287,3.99,7.99,1.61,3.43,0.05,2.14,0.78,0.72,0,93,59.3,48.8,15.77,9.14,6.94,1.67,0.42,33,14.9,14.1,V8
288,3.56,7.73,1.52,3.43,0.03,2.26,0.75,0.68,0,89.7,57.3,49.8,13.62,8.32,6.31,1.3,0.37,32,14.7,12,V8
289,3.06,6.81,1.71,2.67,0.09,1.56,0.83,0.67,0,99.7,67.6,56.8,18.42,12.04,7.22,2.38,0.78,36.5,13.8,13.3,V8
290,3.11,7.08,1.59,2.89,0.07,1.82,0.78,0.68,0,98.8,61.6,52.8,14.51,7.93,5.08,1.96,0.63,34.6,16.6,13.3,V8
291,3.6,7.44,1.7,3,0.08,1.77,0.82,0.71,0,98.9,62.6,53.4,16.3,10.46,6.91,2.21,0.61,34.9,16.1,13.4,V8
292,3.58,7.78,1.52,3.41,0.03,2.23,0.74,0.69,0,99.6,65.2,55.6,12.17,7.16,5.1,2.82,0.79,35.8,15,13,V8
293,4.36,8.3,1.78,3.52,0.07,1.98,0.79,0.7,0,83.3,56.7,53.2,12.46,9.35,7.89,1.46,0.33,31,12.5,8.3,V8
294,3.68,7.68,1.74,3.14,0.06,1.81,0.79,0.67,0,113.7,76.1,60.6,16.74,12.12,7.68,3.37,0.91,40.7,15.5,16.4,V8
295,3.58,7.51,1.66,3.07,0.07,1.84,0.8,0.7,0,84.9,58.6,54.3,18.52,10.85,8.02,1.48,0.41,31.8,12.2,8.6,V8
296,3.48,7.54,1.52,3.27,0.04,2.14,0.77,0.7,0,81,54.3,53.3,18.22,10.19,8.18,1.02,0.29,29.9,13,6.7,V8
297,3.83,7.92,1.7,3.33,0.05,1.96,0.77,0.68,0,77,55.6,54.2,10.84,6.37,5.15,0.96,0.25,29.8,10.4,5.9,V8
298,3.96,7.95,1.61,3.43,0.06,2.14,0.79,0.72,0,79.8,54.1,52.6,15.48,7.5,6.02,0.9,0.23,29.7,12.4,6.9,V8
299,3.31,7.32,1.61,3.1,0.04,1.93,0.78,0.66,0,98.2,62.9,53.3,12.93,6.54,5.39,2.49,0.75,34.9,15.6,13.4,V8
300,3.55,7.54,1.61,3.18,0.05,1.98,0.79,0.69,0,91.4,59.5,53.1,15.25,8.95,7.46,1.79,0.51,32.9,14.5,10.9,V8
301,3.68,7.56,1.66,3.18,0.07,1.91,0.81,0.69,0,95.6,65.1,55,22.85,12.06,6.89,2.52,0.68,35.2,13.2,12.8,V8
302,3.44,7.42,1.51,3.26,0.04,2.15,0.79,0.7,0,87.5,54.5,47.9,23.9,13.56,9.82,1.15,0.34,30.8,15.3,11.8,V8
303,3.83,7.73,1.78,3.18,0.06,1.79,0.81,0.68,0,108.1,70.6,59.6,14.61,11.16,8.37,3.2,0.83,38.5,16.1,14,V8
304,2.6,6.52,1.55,2.6,0.05,1.68,0.77,0.64,0,95.6,64.7,57,19.1,13.17,9.04,1.74,0.67,35.1,13.7,11.2,V8
305,3.91,7.9,1.78,3.27,0.08,1.84,0.79,0.67,0,80.2,57.5,55.2,17.14,10.72,8.86,1.61,0.41,30.8,10.8,6.7,V8
306,3.92,7.95,1.61,3.43,0.05,2.14,0.78,0.71,0,106.6,71,58.7,10.95,7.87,6.18,3.62,0.92,38.4,15.2,14.4,V8
307,3.41,7.34,1.61,3.06,0.07,1.89,0.8,0.69,0,77.1,54.6,49,18.63,11.44,8.35,1.07,0.31,29.3,10.3,9.2,V8
308,4.13,8.16,1.69,3.43,0.04,2.03,0.78,0.71,0,98.9,65.5,53.5,15.58,9.77,7.21,3.05,0.74,35.7,14.3,14.4,V8
309,3.82,7.75,1.76,3.17,0.08,1.8,0.8,0.69,0,88.3,57.7,51.3,18.63,10.73,8.47,1.75,0.46,31.9,14,10.9,V8
310,3.34,7.22,1.6,3.09,0.04,1.92,0.81,0.67,0,96.3,63.6,57.1,16.6,9.91,5.72,1.99,0.59,34.9,14.7,10.9,V8
311,3.71,7.76,1.61,3.27,0.04,2.03,0.78,0.71,0,80.3,55.1,51.5,13.12,5.89,4.67,0.9,0.24,30,11.9,8.2,V8
312,3.65,7.78,1.61,3.35,0.06,2.08,0.76,0.68,0,85.5,55.3,50.7,12.57,7.49,5.61,0.63,0.17,30.8,14.1,9.8,V8
313,3.37,7.73,1.49,3.44,0.03,2.3,0.71,0.66,0,99.3,61.7,49.5,17.87,10.1,5.15,1.85,0.55,34.6,16.4,15.7,V8
314,3.95,8.04,1.82,3.22,0.04,1.77,0.77,0.68,0,102.4,67.8,56.2,17.12,11.43,8.16,3.17,0.8,36.9,14.9,14.2,V8
315,3.7,7.59,1.61,3.18,0.04,1.98,0.81,0.72,0,88.9,59.3,55.1,14.7,7.31,5.39,1.89,0.51,32.6,13.7,9,V8
316,3.58,7.58,1.56,3.27,0.07,2.1,0.78,0.71,0,84.8,54.3,47.5,18.31,10.17,7.89,1.1,0.31,30.3,14,11.5,V8
317,2.94,6.81,1.54,2.84,0.07,1.84,0.8,0.67,0,88.5,59.5,55,13.29,8.1,6.35,1.3,0.44,32.6,13.4,9.1,V8
318,3.77,7.66,1.69,3.18,0.04,1.88,0.81,0.7,0,85.7,59.1,55.8,14.73,8.67,7.64,2.07,0.55,32.1,12.5,8,V8
319,3.95,7.8,1.87,3.09,0.09,1.65,0.82,0.68,0,85.7,55.5,52.3,13.46,7,5.98,1.12,0.28,31,14.2,8.8,V8
320,4.19,8.25,1.82,3.41,0.06,1.88,0.77,0.68,0,98.3,65.8,57.2,20.52,13.57,8.62,2.57,0.61,35.8,14.3,12,V8
321,3.14,7.06,1.44,3.01,0.04,2.09,0.79,0.73,0,115.7,84,68.2,10.12,8.05,7.09,0,0,43.2,12.7,14.9,V9
322,2.94,6.86,1.44,3.01,0.04,2.09,0.79,0.68,0,104.1,70.8,58.8,14.15,8.92,6.97,0,0,38,14.1,14,V9
323,3.78,7.95,1.66,3.33,0.06,2.01,0.75,0.69,0,85,59.9,55.6,16.27,11.06,9.6,0,0,32.2,11.6,8.3,V9
324,3.18,6.96,1.52,2.93,0.06,1.92,0.83,0.71,0,111,76.5,63.3,13.81,11.16,7.61,0,0,40.6,14.4,14.4,V9
325,3.31,7.27,1.52,3.18,0.04,2.09,0.79,0.68,0,105.8,70.7,60.1,12.74,9.96,7.93,0,0,38.2,15.1,13.3,V9
326,3.6,7.49,1.58,3.27,0.07,2.07,0.81,0.7,0,100.2,66.4,55.3,13.81,8.49,6.54,0,0,36.2,14.6,13.8,V9
327,3.32,7.05,1.67,2.82,0.07,1.68,0.84,0.7,0,108.7,70.3,58.3,14.46,9.27,5.72,0,0,38.5,16.4,14.8,V9
328,3.27,7.05,1.63,2.95,0.07,1.82,0.83,0.68,0,112.4,72.1,55.7,14.52,9.6,6.81,0,0,39.4,16.8,17.8,V9
329,3.43,7.99,1.42,3.61,0.06,2.55,0.68,0.67,0,77.2,55.1,52.5,10.37,7.58,6.66,0,0,29.6,10.5,6.9,V9
330,3.76,7.9,1.44,3.43,0.06,2.39,0.76,0.76,0,94.2,68.9,62.5,13.19,8.88,7.6,0,0,36.2,11.2,9.1,V9
331,2.97,6.84,1.52,2.84,0.06,1.87,0.8,0.69,0,103.2,69.8,60.4,10.58,7.79,7.14,0,0,37.7,14.5,12.3,V9
332,3.36,7.25,1.52,3.1,0.07,2.03,0.8,0.71,0,106.9,66.1,57.3,17.88,10.86,7.94,0,0,37.1,18,13.5,V9
333,3.06,7.25,1.35,3.27,0.05,2.41,0.73,0.69,0,85.3,64.2,62.6,17.16,13.52,11.94,0.01,0,33.7,10,5.5,V9
334,3.41,7.39,1.63,3.11,0.07,1.91,0.79,0.67,0,94.5,65.6,60.3,18.43,11.38,7.87,0,0,35.3,13.1,9.2,V9
335,2.74,6.64,1.48,2.8,0.06,1.9,0.78,0.66,0,88.4,64.7,62.3,13.51,10.96,7.61,0.03,0.01,34.3,11,6.4,V9
336,3.19,6.96,1.56,2.91,0.07,1.87,0.83,0.71,0,108,82.6,74.3,13.29,10.73,8.88,0.02,0.01,42.1,10.8,9.4,V9
337,2.99,7.1,1.36,3.22,0.04,2.36,0.75,0.68,0,90.7,75.8,73.6,16.65,13.27,10.48,0.04,0.01,38.1,7.1,4.3,V9
338,2.99,6.74,1.56,2.82,0.07,1.81,0.83,0.68,0,99.6,71,64.7,16.25,12.85,11.45,0.01,0,37.6,12.7,9.4,V9
339,3.75,7.8,1.67,3.3,0.08,1.97,0.78,0.68,0,104.7,74.4,66.6,17.37,11.74,8.52,0,0,39.3,13.2,10.4,V9
340,3.34,7.25,1.63,2.95,0.04,1.82,0.8,0.7,0,106.7,81.6,62.3,17.31,13.91,9.55,0,0,41.3,9.4,16.5,V9
341,3.18,7.03,1.52,3.01,0.07,1.98,0.81,0.69,0,92.1,60.1,51.6,18.01,13.71,10.75,0,0,33.2,14.3,12.4,V9
342,3.16,7.08,1.57,2.94,0.1,1.87,0.79,0.69,0,91.5,61.5,55.4,15.35,10.17,7.01,0,0,33.6,13.6,10.3,V9
343,3.66,7.68,1.61,3.35,0.05,2.08,0.78,0.68,0,101,69,58.4,15.88,11.05,7.69,0,0,37.1,13.8,12.9,V9
344,3.86,7.78,1.78,3.18,0.09,1.79,0.8,0.68,0,85.2,55.4,49.7,15.44,9.93,7.88,0.01,0,30.8,13.8,10.5,V9
345,3.03,7.08,1.44,3.03,0.04,2.1,0.76,0.69,0,91.3,58.6,52,15.46,9.61,7.64,0,0,32.7,14.9,11.4,V9
346,3.48,7.34,1.56,3.12,0.07,2,0.81,0.72,0,89.5,58.1,50.8,22.77,13.89,10.04,0,0,32.2,14.2,11.7,V9
347,3.78,7.71,1.61,3.27,0.06,2.03,0.8,0.72,0,79.8,54.7,50.6,16.6,10.46,9.27,0,0,29.8,11.8,8.5,V9
348,3.73,7.83,1.61,3.35,0.04,2.08,0.77,0.69,0,111.6,79.3,63.3,11.73,9.41,7.97,0,0,41.4,13,15.6,V9
349,3.69,7.58,1.77,3.03,0.07,1.71,0.81,0.69,0,98.7,63.4,53.2,15.05,9.89,7.2,0,0,35.1,15.5,13.7,V9
350,3.13,6.98,1.52,3.01,0.04,1.98,0.81,0.68,0,72.4,55.8,54,12.45,7.57,6.52,0,0,29.1,8,5.4,V9
351,2.9,6.86,1.44,3,0.06,2.09,0.78,0.68,0,97.8,61.8,51.8,14.66,10.71,8.35,0,0,34.5,15.9,13.9,V9
352,3.91,7.9,1.69,3.35,0.08,1.98,0.79,0.69,0,99.2,67.5,59.3,14.04,7.62,5.13,0,0,36.5,13.9,11.5,V9
353,3.15,6.96,1.52,2.93,0.07,1.92,0.82,0.71,0,72.2,60.5,60.7,12.64,9.62,8.68,0,0,30.8,5.9,2.9,V9
354,3.82,7.61,1.69,3.18,0.06,1.88,0.83,0.71,0,81.7,59.4,57.9,9.72,6.93,7.11,0,0,31.7,10.6,5.9,V9
355,4.3,8.11,2.09,3,0.06,1.43,0.82,0.69,0,102.3,70.6,57.7,17.25,13.68,10.11,0,0,37.7,13.3,14.3,V9
356,3.65,7.68,1.65,3.24,0.06,1.97,0.78,0.68,0,102.4,71,61.1,20.41,14.4,9.79,0,0,37.9,13.5,12.3,V9
357,3.54,7.49,1.69,3.03,0.07,1.79,0.79,0.69,0,93.2,62.4,55.7,15.07,9.76,6.94,0,0,34.1,13.9,10.7,V9
358,3.45,7.34,1.61,3,0.08,1.86,0.8,0.71,0,104.8,70.7,55.1,16.94,10.48,7.59,0,0,38,14.1,16.4,V9
359,3.38,7.17,1.74,2.86,0.07,1.64,0.83,0.68,0,86,64.6,62.5,7.79,6.17,5.91,0,0,33.9,10.1,5.9,V9
360,3.11,7.08,1.44,3.1,0.07,2.15,0.78,0.7,0,107.7,74.5,64,21.12,15.8,10.72,0.02,0.01,39.6,14.1,12.6,V9
361,3.58,7.56,1.66,3.14,0.07,1.89,0.79,0.69,0,174,163.8,137.2,13.21,13.63,11.92,0.03,0.01,70.5,4.3,12.2,V10
362,3.76,7.51,1.69,3.18,0.07,1.88,0.84,0.7,0,180.7,176.6,151.8,11.09,14.27,15.02,0.03,0.01,74.3,2.9,9.7,V10
363,3.76,7.58,1.94,2.87,0.05,1.48,0.82,0.68,0,169.2,156.2,128.7,10.07,9.82,8.92,0.02,0.01,68.1,4.9,13.5,V10
364,3.36,7.22,1.73,2.86,0.06,1.65,0.81,0.68,0,170.7,167.6,146.8,15.84,16.9,16.24,0.08,0.02,71.3,2.6,8.1,V10
365,2.88,6.69,1.55,2.74,0.06,1.77,0.81,0.68,0,168.5,156.3,124.1,10.45,11.02,10.16,0.03,0.01,67.9,4.1,15.9,V10
366,4.28,8.09,1.89,3.26,0.06,1.72,0.82,0.69,0,174,165.4,144.6,12.49,14.97,14.85,0.06,0.01,71,4.5,8.8,V10
367,3.94,7.9,1.69,3.35,0.06,1.98,0.79,0.7,0,172.6,166.9,144,12.59,14.56,13.53,0.06,0.02,71.2,3.3,9.6,V10
368,2.6,6.55,1.27,2.93,0.04,2.31,0.76,0.7,0,181.6,168.5,131.9,11.48,17.83,20.53,0.03,0.01,72.1,4.3,17.5,V10
369,3.77,7.7,1.83,2.96,0.07,1.62,0.8,0.7,0,171.8,164,143,16.97,18.34,17.56,0.14,0.04,70.5,4.1,8.9,V10
370,3.98,7.87,1.89,3.13,0.05,1.65,0.81,0.67,0,170.1,158.4,132.2,13.19,16.19,17.03,0.07,0.02,68.8,4.7,12.5,V10
371,3.49,7.2,1.61,3.01,0.04,1.87,0.85,0.72,0,172.7,171.6,149,13.87,14.87,12.22,0.04,0.01,72.4,1.9,8.6,V10
372,3.51,7.61,1.61,3.27,0.05,2.03,0.76,0.67,0,174.1,162.5,135.3,12.33,15.74,14.36,0.06,0.02,70.2,4.7,12.7,V10
373,3.55,7.39,1.69,3.1,0.08,1.83,0.82,0.68,0,171.3,167,145.7,13.97,15.64,15.86,0.06,0.02,71.2,3,8.5,V10
374,3.67,7.46,1.85,2.88,0.07,1.55,0.83,0.69,0,175.5,169.2,143.4,11.61,13.79,14.43,0.01,0,72,3.2,11,V10
375,3.81,7.75,1.78,3.14,0.04,1.77,0.8,0.68,0,177.5,168.3,141.6,11.87,13.26,12.48,0.01,0,71.9,4.1,11.8,V10
376,3.26,6.98,1.63,2.84,0.06,1.75,0.84,0.7,0,172.8,165.2,141.1,10.11,13.46,14.26,0.01,0,70.8,3.7,10.5,V10
377,3.61,7.68,1.61,3.35,0.05,2.08,0.77,0.67,0,177.2,172.3,149.3,15.82,17.83,16.31,0.11,0.03,73,3.2,9.2,V10
378,3.56,7.44,1.7,3.07,0.07,1.8,0.81,0.68,0,170.8,168.9,147.5,13.64,15.55,14.26,0.04,0.01,71.6,2.2,8.2,V10
379,3.72,7.71,1.6,3.26,0.05,2.03,0.79,0.71,0,174.6,175.2,153.1,14.7,15.9,13.16,0.01,0,73.5,1.5,8,V10
380,3.77,7.63,1.8,3.04,0.05,1.68,0.81,0.69,0,175.1,172.1,153.7,16.06,17.04,15.81,0.06,0.02,72.9,3.1,6.6,V10
381,3.75,7.56,1.82,2.98,0.05,1.64,0.82,0.69,0,179.6,176,151.1,11.64,13.91,14.05,0.02,0.01,74.1,2.6,9.8,V10
382,3.18,6.91,1.52,2.93,0.07,1.92,0.84,0.71,0,173.7,164.4,136.6,11.73,12.69,11.09,0.02,0.01,70.6,3.9,12.7,V10
383,3.87,7.95,1.7,3.32,0.09,1.95,0.77,0.69,0,167.1,157.6,133.2,18.86,18.73,15.41,0.18,0.05,68.3,4.1,11.4,V10
384,3.66,7.56,1.61,3.27,0.07,2.03,0.8,0.7,0,176.6,169.9,146.8,12.02,14.1,13.91,0.04,0.01,72.3,3.7,9.6,V10
385,3.99,7.92,1.85,3.14,0.06,1.69,0.8,0.69,0,177.7,169.7,144,9.08,11.09,11.35,0.01,0,72.3,3.8,11.1,V10
386,3.83,7.68,1.69,3.27,0.05,1.93,0.82,0.69,0,171.3,158.2,129.7,9.93,12.68,12.53,0.02,0.01,68.8,4.9,13.9,V10
387,3.73,7.63,1.69,3.27,0.07,1.93,0.81,0.68,0,181.7,172.8,143.6,10.06,14.52,17.19,0.02,0.01,73.3,3.8,12.8,V10
388,3.63,7.44,1.78,3.01,0.07,1.7,0.83,0.68,0,175.6,162.2,126,12.98,14.95,12.6,0.07,0.02,70,4.3,17.8,V10
389,3.23,7.05,1.61,2.88,0.09,1.78,0.82,0.7,0,165.4,160.5,136.2,14.34,14.2,12.21,0.07,0.02,69,2.5,10.7,V10
390,3.71,7.61,1.68,3.18,0.05,1.89,0.8,0.69,0,170.3,158.8,132.1,19.68,21.71,21.88,0.27,0.07,68.9,4.6,12.8,V10
391,3.91,7.75,1.78,3.18,0.06,1.79,0.82,0.69,0,178,176.6,153.4,10.22,13.73,14.23,0,0,74.1,2.1,8.7,V10
392,3.86,7.75,1.89,3.04,0.04,1.61,0.81,0.67,0,180.5,174.5,151.2,12.39,14.1,14.55,0.04,0.01,73.8,3.7,9.3,V10
393,3.46,7.73,1.35,3.43,0.04,2.54,0.73,0.74,0,177.7,176.6,157.5,10.39,13.45,14.87,0.02,0.01,74.2,2.5,6.5,V10
394,2.92,6.74,1.52,2.84,0.07,1.87,0.81,0.67,0,172.3,163.5,134.7,9.71,12.59,13.09,0.05,0.02,70.2,3.5,13.2,V10
395,3.68,7.39,1.69,3.1,0.05,1.83,0.85,0.7,0,178.5,178.1,156.4,8.61,12.43,14.49,0.01,0,74.6,2,7.6,V10
396,3.78,7.63,1.89,2.91,0.07,1.54,0.82,0.69,0,178.1,173,147,7.78,10.44,11.53,0.02,0.01,73.2,2.9,10.7,V10
397,3.94,7.75,1.78,3.22,0.05,1.81,0.83,0.69,0,182.2,183.5,165.6,12.58,13.42,12.3,0.01,0,76.3,2.2,5.2,V10
398,3.43,7.39,1.63,3.11,0.05,1.91,0.79,0.68,0,171.8,168.4,148.6,12.81,14.65,14.4,0.01,0,71.6,2.9,7.6,V10
399,3.96,7.8,1.88,3.03,0.06,1.61,0.82,0.7,0,175,168.9,144.1,12.03,13,11.39,0,0,71.9,3.2,10.4,V10
400,4.17,8.02,1.86,3.27,0.06,1.75,0.82,0.69,0,171.7,169.5,152.8,14.24,16.01,14.09,0.09,0.02,72,2.9,5.8,V10
